Sample_ID	Age_BP	Location	Haplogroup
I2978	5140	Scotland, Orkney, Isbister	K1b1a1
I4893	6345	Prague 8, Kobylisy, Ke Stírce Street	U5b1b1
I1631	6099	Areni 1	K1a8
I2980	5173	Scotland, Orkney, Point of Cott	H1
I3133	5446	Scotland, Argyll and Bute, Oban, Raschoille Cave	K1a+195
I1496	7040	Apc-Berekalya I	K1a3a3
I5279	4891	Lower Tyumechin 1	U4d1
I5077	7001	Osijek, Hermanov Vinograd	U5a1+@16192
I5835	4200	Irlbach LKR	J1c
I2935	5115	Scotland, Orkney, Isbister	U8b1b
I4877	8505	Vlasac	U5b1d1
I5236	10038	Padina	U5a2d
I3950	4707	Altai Mountains, Yenisey River, left bank of Karasuk tributary, Karasuk III	U5b2a1a+16311
I4873	7867	Vlasac	U5a2+16294
I5950	4470	Gamo Highlands, Mota Cave	L3x2a
I3949	4569	Altai Mountains, Yenisey River, left bank of Karasuk tributary, Karasuk III	U5a1d2b
I4878	7803	Vlasac	U4a
I4914	8088	Hajduka Vodenica	U5a1c1
I1633	4465	Kalavan	H1u
I1583	8273	Northwest Anatolia, Marmara, Barcın	K1a2
I2861	2843	Scotland, Covesea Cave 2	I2a1
I2520	5153	Veliko Tarnovo, Dzhulyunitsa	H
I1960	8116	Siberia, western, Tyumen Oblast	U2e3
I5235	10835	Padina	U5b2c
I5233	8001	Padina	U5b1d1
I4596	7970	Zvejnieki	U5a2d
I4438	7248	Zvejnieki	U4b1a
I1053	3785	Kamennyi Ambar 5 Cemetery	H2b
I2514	4347	Tepe Hissar	W3b
I2105	4850	Shevchenko, OAE-2003	T1a1
I3255	3994	England, Cambridgeshire, Trumpington Meadows	T2b
I1507	7661	Tiszaszolos-Domaháza	R1b1
I5273	4872	Lower Tyumechin 1	T2a1a
I1632	6076	Areni 1	K
I5838	4550	Burgos, Atapuerca, El Mirador Cave	K1a+195
I4634	4998	Parkhai II	I1b
I4875	8458	Vlasac	U5b1d1
I4432	7958	Zvejnieki	U5a2c
I5319	725	Alaska, western interior, Tochak McGrath, Upper Kuskokwim River	A2a
I6714	4479	Altai Mountains, Yenisey River, left bank of Karasuk tributary, Karasuk III	U5a1d2b
I1734	9159	Vasil'evka	U5b2
I0708	8101	Northwest Anatolia, Marmara, Barcın	N1b1a
I4315	3461	Dzharkutan	R2+13500+195
I3123	4121	Sicily, Buffa	U8b1b1
I5748	4383	Noord-Holland, Oostwoud, De Tuithoorn	X2b4
I2445	4048	England, Oxfordshire, Yarnton	X2b6
I3758	2226	Basque Country, Alava, La Hoya	U5b1+16189+@16192
I10871	7913	Shum Laka	L0a2a1
I7421	3790	Sappali Tepe	J1b1b1
I2510	4794	Veliko Tarnovo, Dzhulyunitsa	H4a1
I4916	8763	Hajduka Vodenica	U5b2b
I3388	4600	Altai Mountains, Yenisey River, left bank of Karasuk tributary, Karasuk III	U5a1d2b
I6717	3391	Krasnoyarsk Krai, near Orak Ulus, Orak burial place	T1a1
I3130	2844	Scotland, Covesea Caves	U5a1c
I3389	3600	Krasnoyarsk Krai, near Orak Ulus, Orak burial place	H27+16093
I3954	4690	Altai Mountains, Yenisey River, left bank of Karasuk tributary, Karasuk III	U4b3
I3396	3600	Krasnoyarsk Krai, near Orak Ulus, Orak burial place	T2b34
I7211	4183	Radosevice	U5b3
I7042	6086	Szigetszentmiklós-Üdülősor	H
I3395	3600	Krasnoyarsk Krai, near Orak Ulus, Orak burial place	T1a1
I7627	3268	England, Bedfordshire, Biddenham Loop	U4a
I7574	3271	England, Cambridgeshire, Trumpington, Clay Farm	H1a3
I6348	3632	Bulgan, Khutag-Undur sum, Haruulyn Gozgor tomb 1-113	HV12b1
I7043	4011	Szigetszentmiklós-Üdülősor	H1b1
I7286	4221	Radosevice	I4a
I7021	7050	Dornod aimag, Bulgan sum, Norovlin Uul burial	D4h4
I2859	2810	Scotland, Covesea Caves	K1a2c
I6718	3493	Krasnoyarsk Krai, near Orak Ulus, Orak burial place	U4a
I3313	2722	Jazinka Cave	HV0e
I5277	4952	Elo Bashi	U4b3
I7045	4231	Szigetszentmiklós-Üdülősor	T2c1d+152
I4109	3516	Sicily, Buffa	K2b1
I2860	2824	Scotland, Covesea Cave 2	H5a1
I2981	3711	Scotland, Orkney, Lop Ness, Stenchme	T2a1b1a
I4773	3508	Aktogai	U5a1a2a
I3951	4711	Altai Mountains, Yenisey River, left bank of Karasuk tributary, Karasuk III	U5b2a1a+16311
I6232	2239	Uvs aimag, Ulaangom sum, Chandman Uul, Ulaangom cemetery Grave #48, Burial 6	U4b1a1a1
I5269	4902	Elo 1	T2a1a
I3952	4667	Altai Mountains, Yenisey River, left bank of Karasuk tributary, Karasuk III	U5a1a1
I2521	7503	Veliko Tarnovo, Dzhulyunitsa	H
I11974	11885	Coquimbo, Los Vilos, Los Rieles	C
I7414	3925	Sappali Tepe	HV
I4435	5972	Zvejnieki	U4a1
I4229	4158	Cova da Moura	U5a2+16362
I6716	3571	Krasnoyarsk Krai, near Orak Ulus, Orak burial place	W1c
I3390	3600	Krasnoyarsk Krai, near Orak Ulus, Orak burial place	U5a2+16294
I4918	7600	Saraorci-Jezava	K1a4a1
I0745	8243	Northwest Anatolia, Marmara, Barcın	U8b1b1
I7278	4333	Brandysek	U4a2
I5079	5421	Radovanci	J1c2
I2443	4091	England, Oxfordshire, Yarnton	T2c1d+152
I3125	3490	Sicily, Buffa	K1a3a
I4437	6164	Zvejnieki	U5a1d2
I4550	8489	Zvejnieki	U5b2a+@16192
I7198	4026	Prague 5, Jinonice, Butovická Street	U5b2c
I7212	4247	Radosevice	K1b1a1+199
I4439	7646	Zvejnieki	U5b1d1
I4434	7441	Zvejnieki	U5a2d
I4441	6718	Zvejnieki	U5a1c
I4595	7637	Zvejnieki	U2e1h
I2636	5397	Scotland, Orkney, Holm of Papa Westray North	V
I2932	4433	Scotland, Orkney, Isbister	H5
I4888	4038	Prague 8, Kobylisy, Ke Stírce Street	K1a2c
I2988	5397	Scotland, Clachaig	U5b2a+@16192
I6591	4200	Irlbach LKR	U5b2c
I4889	4131	Prague 8, Kobylisy, Ke Stírce Street	U4a
I7039	3066	Khovd, Duut sum, Khoit Tsenkheriin gol 1988 barrow 3	D4j
I7272	5417	Brandysek	K2a5
I5232	7901	Padina	K1a+195
I7249	4011	Brandysek	I2
I4062	6815	Sicily, Fossato di Stretto Partana	H1e
I7281	4194	Prague 5 - Mala Ohrada	H5a1g
I3134	5461	Scotland, Argyll and Bute, Oban, Raschoille Cave	T2
I3136	5397	Scotland, Argyll and Bute, Oban, Raschoille Cave	H1+16189
I7568	3400	England, Cambridgeshire, Over, Over Narrows	W1+119
I4075	3950	Noord-Holland, Oostwoud, De Tuithoorn	H5a1
I2509	6350	Veliko Tarnovo, Dzhulyunitsa	K1a2
I7580	3087	England, Bedfordshire, Biddenham Loop	U5b2a1a
I4551	7670	Zvejnieki	U5a2
I4784	3508	Kyzyl Bulak 1	G2a1
I5769	2592	Veliko Tarnovo, Dzhulyunitsa	H
I4892	3754	Prague 8, Kobylisy, Ke Stírce Street	T1a1
I1502	4026	Kompolt-Kigyoser	K1
I7554	5182	Scotland, Orkney, Unstan Chamber Tomb	J1c9
I7289	4289	Radosevice	U8b1b1
I6579	4155	Iwiny	K1a4a1g
I5070	7048	Schletz	K1a1a
I5069	6961	Kleinhadersdorf Flur Marchleiten	N1a1a
I4917	8058	Hajduka Vodenica	U5a1c
I3394	3600	Krasnoyarsk Krai, near Orak Ulus, Orak burial place	U4a1
I5078	6571	Osijek, Hermanov Vinograd	H10
I2691	5613	Scotland, Distillery Cave	J1c1
I6228	1919	Uvs aimag, Ulaangom sum, Chandman Uul, Ulaangom cemetery Grave #44	D4j12
I3135	5517	Scotland, Argyll and Bute, Oban, Raschoille Cave	U5b2a+@16192
I11697	7500	Bulgan, Khutag-Undur sum,  Marzyn khutul, Tomb 1-055-1, skeleton 4	D4j8
I3122	4073	Sicily, Buffa	T2b
I6555	2811	Swat Valley, Loebanr	M4a
I1526	4755	Baikal Region, Angara river basin, Mouth of the Belaya River	C4a1c
I4881	8363	Vlasac	U4b1b1
I4071	3717	Noord-Holland, Oostwoud, De Tuithoorn	H6a1a
I7492	3853	Sappali Tepe	K1a
I6356	2250	Uvs aimag, Ulaangom sum, Chandman Uul, Ulaangom cemetery, Grave #58, Burial 2	C4a1a3
I10873	3097	Shum Laka	L1c2a1b
I4089	5636	Urziceni	J1c
I5242	10530	Padina	U5a1
I6583	4138	Verniki Wielkie	U5b1c2
I5240	10805	Padina	U5a1c
I1495	6367	Apc-Berekalya I	N1a1a+152
I2934	5138	Scotland, Orkney, Isbister	U5a2c3
I1580	8205	Northwest Anatolia, Marmara, Barcın	H5
I7420	3750	Sappali Tepe	W3a1
I3138	4998	Scotland, Argyll and Bute, Oban, Raschoille Cave	K1a4a1
I6696	4575	Velké Žernoseky	H2a1
I5119	5097	Mezőcsát-Hörcsögös	J1c2
I4552	7369	Zvejnieki	U5a1d
I5244	10785	Padina	K
I3392	3600	Krasnoyarsk Krai, near Orak Ulus, Orak burial place	U2e2a1d
I4874	8499	Vlasac	U5b2a
I5238	9993	Padina	K1
I5237	9500	Padina	U5a2+16294
I2069	5061	Altai Autonomous Republic, Ust-Kanski, Altai Mountains, Kaminnaya Cave	K1b2a
I4562	3614	Tarragona, Galls Carboners	H1
I1498	7094	Debrecen Tocopart Erdoalja	H
I4882	8000	Vlasac	U4b1b1
I4436	6109	Zvejnieki	U4a1
I2660	5394	Scotland, Distillery Cave	U5a2+16194
I11696	7528	Bulgan, Khutag-Undur sum,  Marzyn khutul, Tomb 1-055-1, skeleton 1	D4j
I3132	3927	Scotland, Covesea Cave 2	T2a1b1a
I4440	7074	Zvejnieki	U4a1
I2637	5375	Scotland, Orkney, Holm of Papa Westray North	K1b1a1
I14000	7480	Bulgan, Khutag-Undur sum, Egiin-gol river valley, Kharuulyn gozgor, tomb 1-117-1, skeleton 3	D4j
I2533	7371	Carcea	J1c5
I1763	10081	Vasil'evka	U5b2
I4880	7813	Vlasac	U4b1b1
I3433	7800	Zemunica Cave	H1
I2659	5637	Scotland, Distillery Cave	H1c
I5239	10333	Padina	U5a2d
I1524	905	Uelen Chukotka, Bering Strait	A2a
I2650	5380	Scotland, Orkney, Holm of Papa Westray North	T2c1d1
I4632	8316	Zvejnieki	U5a1c
I4063	6832	Sicily, Fossato di Stretto Partana	K1b1a
I4073	3992	Noord-Holland, Oostwoud, De Tuithoorn	U5a2b1
I4915	8115	Hajduka Vodenica	U5b2b
I1131	6482	Vojvodina, Hrtkovci, Gomolova	H
I3387	4725	Middle Yenisei region, Afanasieva Gora	J2a2a
I1730	4356	'Ain Ghazal	R0a1a
I1581	8252	Northwest Anatolia, Marmara, Barcın	U3
I1838	5126	Basque Country, Alava, Las Yurdinas II	J1c3
I5234	9500	Padina	U4a
I0707	8096	Northwest Anatolia, Marmara, Barcın	K1a4
I0709	8085	Northwest Anatolia, Marmara, Barcın	U3
I1732	7218	Vovnigi	U4b
I1098	8282	Northwest Anatolia, Marmara, Barcın	X2d
I11456	4500	Seistan, Shahr-i Sokhta	W3a1b
I4553	7370	Zvejnieki	U5a1c
I14879	651	South Andros, Sanctuary Blue Hole	C1b
I1738	7348	Vovnigi	U5a2+16294
I5407	8000	Lepenski Vir	H13
I1819	10658	Vasil'evka	U5b2
I6470	3609	Castilla y León, Burgos, Tablada de Rudrón, Virgazal	J1c1
I4876	8455	Vlasac	U5a2d
I4628	7033	Zvejnieki	U5a2d
I4910	5526	Sarazm	J1d
I15676	464	La Caleta	C1b2
I14922	982	Abaco, Hopetown	B2e
I1752	595	Conchalí, Santiago, RM	B2i2b
I2367	5085	Budakalász-Luppa csárda	HV
I1947	9992	Ganj Dareh	R2
I2431	6624	Ivanovo	N1b1
I15601	1228	La Caleta	C1b2
I4582	8618	Iron Gates, Ostrovul Corbului	K1
I1290	9806	Ganj Dareh	X2
I16168	5807	Sardinia, Anghelu Ruju	U5b2b3
I11459	4699	Seistan, Shahr-i Sokhta	W3a1b
I1699	8700	'Ain Ghazal	R0a2
